{
  "scoring": {
    "accuracy": 0.8060606,
    "precision": 0.720524,
    "recall": 1.0,
    "f1": 0.8375634,
    "auc_roc": 1.0,
    "ndcg_at_10": 1.0,
    "sample_count": 330,
    "positive_count": 165,
    "threshold": 0.5,
    "weights": [
      0.8,
      0.5,
      0.8,
      0.5,
      0.3,
      0.2,
      0.3
    ],
    "bias": -1.5
  },
  "ner": {
    "extraction_rate": 0.0,
    "keyword_count": 0
  },
  "iteration": 1,
  "timestamp": "2026-03-28T08:13:15.736878+00:00"
}